Name,Origin
James Lofton,Jerome Bettis
Jackie Slater,Jerome Bettis
Dermontti Dawson,Jerome Bettis
Rod Woodson,Jerome Bettis
Marcus Allen,Tim Brown
James Lofton,Tim Brown
Howie Long,Tim Brown
Mike Haynes,Tim Brown
Ronnie Lott,Tim Brown
Eric Dickerson,Tim Brown
Jerry Rice,Tim Brown
Rod Woodson,Tim Brown
Derrick Brooks,Tim Brown
Jerry Rice,Charles Haley
Ronnie Lott,Charles Haley
Joe Montana,Charles Haley
Steve Young,Charles Haley
Emmitt Smith,Charles Haley
Michael Irvin,Charles Haley
Troy Aikman,Charles Haley
Larry Allen,Charles Haley
Deion Sanders,Charles Haley
Chris Doleman,Charles Haley
Derrick Thomas,Will Shields
Marcus Allen,Will Shields
Joe Montana,Will Shields
Warren Moon,Will Shields
Willie Roaf,Will Shields
Fran Tarkenton,Mick Tingelhoff
Hugh McElhenny,Mick Tingelhoff
Carl Eller,Mick Tingelhoff
Alan Page,Mick Tingelhoff
Ron Yary,Mick Tingelhoff
Paul Krause,Mick Tingelhoff
Warren Sapp,Derrick Brooks
Randall McDaniel,Derrick Brooks
Bob Brown,Ray Guy
Art Shell,Ray Guy
Fred Biletnikoff,Ray Guy
Gene Upshaw,Ray Guy
Willie Brown,Ray Guy
George Blanda,Ray Guy
Jim Otto,Ray Guy
Dave Casper,Ray Guy
Ted Hendricks,Ray Guy
Marcus Allen,Ray Guy
Howie Long,Ray Guy
Mike Haynes,Ray Guy
Cortez Kennedy,Walter Jones
Warren Moon,Walter Jones
John Randle,Walter Jones
Jerry Rice,Walter Jones
Bruce Smith,Andre Reed
Joe DeLamielleure,Andre Reed
Jim Kelly,Andre Reed
Thurman Thomas,Andre Reed
James Lofton,Andre Reed
Deion Sanders,Andre Reed
Darrell Green,Andre Reed
Lawrence Taylor,Michael Strahan
Marshall Faulk,Aeneas Williams
Emmitt Smith,Larry Allen
Michael Irvin,Larry Allen
Troy Aikman,Larry Allen
Deion Sanders,Larry Allen
Reggie White,Cris Carter
Chris Doleman,Cris Carter
John Randle,Cris Carter
Randall McDaniel,Cris Carter
Gary Zimmerman,Cris Carter
Warren Moon,Cris Carter
Emmitt Thomas,Curley Culp
Buck Buchanan,Curley Culp
Len Dawson,Curley Culp
Willie Lanier,Curley Culp
Bobby Bell,Curley Culp
Elvin Bethea,Curley Culp
Earl Campbell,Curley Culp
Dave Casper,Curley Culp
Rod Woodson,Jonathan Ogden
Shannon Sharpe,Jonathan Ogden
Deion Sanders,Jonathan Ogden
Henry Jordan,Dave Robinson
Willie Wood,Dave Robinson
Willie Davis,Dave Robinson
Jim Ringo,Dave Robinson
Herb Adderley,Dave Robinson
Ray Nitschke,Dave Robinson
Forrest Gregg,Dave Robinson
Bart Starr,Dave Robinson
Jim Taylor,Dave Robinson
Paul Hornung,Dave Robinson
Chris Hanburger,Dave Robinson
Ken Houston,Dave Robinson
Charley Taylor,Dave Robinson
Sonny Jurgensen,Dave Robinson
Deacon Jones,Dave Robinson
Randall McDaniel,Warren Sapp
Jerry Rice,Warren Sapp
Ernie Stautner,Jack Butler
Jim Finks,Jack Butler
Len Dawson,Jack Butler
Bobby Layne,Jack Butler
Rod Woodson,Dermontti Dawson
Mike Webster,Dermontti Dawson
Gary Zimmerman,Chris Doleman
Randall McDaniel,Chris Doleman
John Randle,Chris Doleman
Jerry Rice,Chris Doleman
Steve Young,Chris Doleman
Rod Woodson,Chris Doleman
Warren Moon,Cortez Kennedy
Rickey Jackson,Willie Roaf
Dan Hampton,Richard Dent
Mike Singletary,Richard Dent
Walter Payton,Richard Dent
Deion Sanders,Richard Dent
Rickey Jackson,Richard Dent
Jerry Rice,Richard Dent
Steve Young,Richard Dent
Marshall Faulk,Richard Dent
Paul Krause,Chris Hanburger
Charley Taylor,Chris Hanburger
Sonny Jurgensen,Chris Hanburger
Bobby Mitchell,Chris Hanburger
Sam Huff,Chris Hanburger
Stan Jones,Chris Hanburger
Ken Houston,Chris Hanburger
Deacon Jones,Chris Hanburger
John Riggins,Chris Hanburger
Andy Robustelli,Les Richter
Norm Van Brocklin,Les Richter
Tom Fears,Les Richter
Elroy Hirsch,Les Richter
Ollie Matson,Les Richter
Deacon Jones,Les Richter
Merlin Olsen,Les Richter
Eric Dickerson,Deion Sanders
Rickey Jackson,Deion Sanders
Jerry Rice,Deion Sanders
Steve Young,Deion Sanders
Emmitt Smith,Deion Sanders
Michael Irvin,Deion Sanders
Troy Aikman,Deion Sanders
Bruce Smith,Deion Sanders
Darrell Green,Deion Sanders
John Elway,Shannon Sharpe
Gary Zimmerman,Shannon Sharpe
Rod Woodson,Shannon Sharpe
Art Monk,Russ Grimm
John Riggins,Russ Grimm
Darrell Green,Russ Grimm
Earl Campbell,Rickey Jackson
Jerry Rice,Rickey Jackson
Steve Young,Rickey Jackson
Lou Creekmur,Dick LeBeau
John Henry Johnson,Dick LeBeau
Yale Lary,Dick LeBeau
Joe Schmidt,Dick LeBeau
Night Train Lane,Dick LeBeau
Ollie Matson,Dick LeBeau
Hugh McElhenny,Dick LeBeau
Lem Barney,Dick LeBeau
Charlie Sanders,Dick LeBeau
Randall McDaniel,John Randle
Gary Zimmerman,John Randle
Warren Moon,John Randle
Fred Dean,Jerry Rice
Ronnie Lott,Jerry Rice
Joe Montana,Jerry Rice
Steve Young,Jerry Rice
Rod Woodson,Jerry Rice
Michael Irvin,Emmitt Smith
Troy Aikman,Emmitt Smith
Mel Renfro,Bob Hayes
Bob Lilly,Bob Hayes
Rayfield Wright,Bob Hayes
Mike Ditka,Bob Hayes
Roger Staubach,Bob Hayes
Herb Adderley,Bob Hayes
Lance Alworth,Bob Hayes
Forrest Gregg,Bob Hayes
Jimmy Johnson,Bob Hayes
Gary Zimmerman,Randall McDaniel
Warren Moon,Randall McDaniel
Joe DeLamielleure,Bruce Smith
Jim Kelly,Bruce Smith
Thurman Thomas,Bruce Smith
James Lofton,Bruce Smith
Darrell Green,Bruce Smith
Mike Webster,Derrick Thomas
Marcus Allen,Derrick Thomas
Joe Montana,Derrick Thomas
Warren Moon,Derrick Thomas
John Stallworth,Rod Woodson
Mike Webster,Rod Woodson
Steve Young,Rod Woodson
Dan Fouts,Fred Dean
Charlie Joiner,Fred Dean
Kellen Winslow,Fred Dean
Ronnie Lott,Fred Dean
Joe Montana,Fred Dean
Art Monk,Darrell Green
John Riggins,Darrell Green
Ken Houston,Art Monk
John Riggins,Art Monk
Ronnie Lott,Art Monk
Buck Buchanan,Emmitt Thomas
Len Dawson,Emmitt Thomas
Bobby Bell,Emmitt Thomas
Willie Lanier,Emmitt Thomas
Jan Stenerud,Emmitt Thomas
Mike Haynes,Andre Tippett
John Hannah,Andre Tippett
John Elway,Gary Zimmerman
Henry Jordan,Gene Hickerson
Mike McCormack,Gene Hickerson
Bobby Mitchell,Gene Hickerson
Willie Davis,Gene Hickerson
Lou Groza,Gene Hickerson
Jim Brown,Gene Hickerson
Chuck Noll,Gene Hickerson
Len Dawson,Gene Hickerson
Leroy Kelly,Gene Hickerson
Paul Warfield,Gene Hickerson
Tommy McDonald,Gene Hickerson
Randy White,Michael Irvin
Troy Aikman,Michael Irvin
Elvin Bethea,Bruce Matthews
Dave Casper,Bruce Matthews
Mike Munchak,Bruce Matthews
Earl Campbell,Bruce Matthews
Warren Moon,Bruce Matthews
Lem Barney,Charlie Sanders
Jim Kelly,Thurman Thomas
James Lofton,Thurman Thomas
Jackie Smith,Roger Wehrli
Larry Wilson,Roger Wehrli
Dan Dierdorf,Roger Wehrli
Don Maynard,Roger Wehrli
Larry Csonka,Harry Carson
Lawrence Taylor,Harry Carson
Mike Munchak,Warren Moon
Earl Campbell,Warren Moon
Mel Renfro,Rayfield Wright
Bob Lilly,Rayfield Wright
Mike Ditka,Rayfield Wright
Roger Staubach,Rayfield Wright
Herb Adderley,Rayfield Wright
Lance Alworth,Rayfield Wright
Forrest Gregg,Rayfield Wright
Randy White,Rayfield Wright
Tony Dorsett,Rayfield Wright
Jackie Smith,Rayfield Wright
Dwight Stephenson,Dan Marino
Ronnie Lott,Steve Young
Joe Montana,Steve Young
Jim Ringo,Bob Brown
Ollie Matson,Bob Brown
Mike Ditka,Bob Brown
Tom Mack,Bob Brown
Merlin Olsen,Bob Brown
Deacon Jones,Bob Brown
Art Shell,Bob Brown
Fred Biletnikoff,Bob Brown
Gene Upshaw,Bob Brown
Willie Brown,Bob Brown
George Blanda,Bob Brown
Jim Otto,Bob Brown
Ron Mix,Bob Brown
Fran Tarkenton,Carl Eller
Alan Page,Carl Eller
Ron Yary,Carl Eller
Paul Krause,Carl Eller
Steve Largent,Carl Eller
Tony Dorsett,John Elway
Howie Long,Marcus Allen
Ted Hendricks,Marcus Allen
Art Shell,Marcus Allen
Mike Haynes,Marcus Allen
Dave Casper,Marcus Allen
James Lofton,Marcus Allen
Ronnie Lott,Marcus Allen
Eric Dickerson,Marcus Allen
Joe Montana,Marcus Allen
Ken Houston,Elvin Bethea
Charlie Joiner,Elvin Bethea
Earl Campbell,Elvin Bethea
Dave Casper,Elvin Bethea
Mike Munchak,Elvin Bethea
O.J. Simpson,Joe DeLamielleure
Ozzie Newsome,Joe DeLamielleure
Howie Long,James Lofton
Mike Haynes,James Lofton
Jim Kelly,James Lofton
Jackie Slater,James Lofton
Art Shell,Dave Casper
Fred Biletnikoff,Dave Casper
Gene Upshaw,Dave Casper
Willie Brown,Dave Casper
George Blanda,Dave Casper
Jim Otto,Dave Casper
Ted Hendricks,Dave Casper
Earl Campbell,Dave Casper
Mike Munchak,Dave Casper
Howie Long,Dave Casper
Mike Haynes,Dave Casper
Walter Payton,Dan Hampton
Alan Page,Dan Hampton
Mike Singletary,Dan Hampton
Lynn Swann,John Stallworth
Mike Webster,John Stallworth
Franco Harris,John Stallworth
Jack Lambert,John Stallworth
Mel Blount,John Stallworth
Terry Bradshaw,John Stallworth
Jack Ham,John Stallworth
Joe Greene,John Stallworth
Larry Little,Nick Buoniconti
Bob Griese,Nick Buoniconti
Larry Csonka,Nick Buoniconti
Jim Langer,Nick Buoniconti
Paul Warfield,Nick Buoniconti
Earl Campbell,Mike Munchak
Jack Youngblood,Jackie Slater
Tom Mack,Jackie Slater
Merlin Olsen,Jackie Slater
Joe Namath,Jackie Slater
Ron Yary,Jackie Slater
Eric Dickerson,Jackie Slater
Mike Webster,Lynn Swann
Franco Harris,Lynn Swann
Jack Lambert,Lynn Swann
Mel Blount,Lynn Swann
Terry Bradshaw,Lynn Swann
Jack Ham,Lynn Swann
Joe Greene,Lynn Swann
Paul Krause,Ron Yary
Alan Page,Ron Yary
Fran Tarkenton,Ron Yary
Jim Langer,Ron Yary
Jack Youngblood,Ron Yary
Tom Mack,Jack Youngblood
Merlin Olsen,Jack Youngblood
Deacon Jones,Jack Youngblood
Joe Namath,Jack Youngblood
Eric Dickerson,Jack Youngblood
Ted Hendricks,Howie Long
Art Shell,Howie Long
Gene Upshaw,Howie Long
Mike Haynes,Howie Long
Ronnie Lott,Howie Long
Eric Dickerson,Howie Long
Joe Montana,Ronnie Lott
Eric Dickerson,Ronnie Lott
O.J. Simpson,Joe Montana
Jimmy Johnson,Dave Wilcox
Tommy McDonald,Tom Mack
Merlin Olsen,Tom Mack
Deacon Jones,Tom Mack
Bill George,Tom Mack
Joe Namath,Tom Mack
O.J. Simpson,Billy Shaw
Charley Taylor,Paul Krause
Sonny Jurgensen,Paul Krause
Bobby Mitchell,Paul Krause
Sam Huff,Paul Krause
Stan Jones,Paul Krause
Alan Page,Paul Krause
Fran Tarkenton,Paul Krause
Sonny Jurgensen,Tommy McDonald
Chuck Bednarik,Tommy McDonald
Norm Van Brocklin,Tommy McDonald
Mel Renfro,Tommy McDonald
Bob Lilly,Tommy McDonald
Merlin Olsen,Tommy McDonald
Deacon Jones,Tommy McDonald
Bill George,Tommy McDonald
Leroy Kelly,Tommy McDonald
Paul Warfield,Tommy McDonald
Walter Payton,Mike Singletary
Alan Page,Mike Singletary
Larry Little,Dwight Stephenson
Bob Griese,Dwight Stephenson
John Hannah,Mike Haynes
Ted Hendricks,Mike Haynes
Gino Marchetti,Don Shula
Art Donovan,Don Shula
Franco Harris,Mike Webster
Jack Lambert,Mike Webster
Mel Blount,Mike Webster
Terry Bradshaw,Mike Webster
Jack Ham,Mike Webster
Joe Greene,Mike Webster
Doak Walker,Lou Creekmur
Bobby Layne,Lou Creekmur
Jack Christiansen,Lou Creekmur
Yale Lary,Lou Creekmur
Joe Schmidt,Lou Creekmur
John Henry Johnson,Lou Creekmur
Frank Gatski,Lou Creekmur
Jackie Smith,Dan Dierdorf
Larry Wilson,Dan Dierdorf
Don Maynard,Dan Dierdorf
Ken Houston,Charlie Joiner
Dan Fouts,Charlie Joiner
Kellen Winslow,Charlie Joiner
Bob Lilly,Mel Renfro
Mike Ditka,Mel Renfro
Roger Staubach,Mel Renfro
Herb Adderley,Mel Renfro
Lance Alworth,Mel Renfro
Forrest Gregg,Mel Renfro
Randy White,Mel Renfro
Tony Dorsett,Mel Renfro
Ernie Stautner,Jim Finks
Mike McCormack,Henry Jordan
Len Ford,Henry Jordan
Lou Groza,Henry Jordan
Jim Brown,Henry Jordan
Bobby Mitchell,Henry Jordan
Willie Davis,Henry Jordan
Paul Hornung,Henry Jordan
Jim Ringo,Henry Jordan
Ray Nitschke,Henry Jordan
Forrest Gregg,Henry Jordan
Bart Starr,Henry Jordan
Jim Taylor,Henry Jordan
Emlen Tunnell,Henry Jordan
Willie Wood,Henry Jordan
Herb Adderley,Henry Jordan
Franco Harris,Steve Largent
Dan Fouts,Kellen Winslow
Randy White,Tony Dorsett
Roger Staubach,Tony Dorsett
Jackie Smith,Tony Dorsett
Bob St. Clair,Jimmy Johnson
Leo Nomellini,Jimmy Johnson
Joe Perry,Jimmy Johnson
Paul Warfield,Leroy Kelly
Lou Groza,Leroy Kelly
Jim Brown,Leroy Kelly
Larry Wilson,Jackie Smith
Don Maynard,Jackie Smith
Randy White,Jackie Smith
Roger Staubach,Jackie Smith
Roger Staubach,Randy White
Deacon Jones,Dan Fouts
Johnny Unitas,Dan Fouts
Ron Mix,Larry Little
Lance Alworth,Larry Little
Bob Griese,Larry Little
Larry Csonka,Larry Little
Jim Langer,Larry Little
Paul Warfield,Larry Little
Frank Gatski,Chuck Noll
Doug Atkins,Chuck Noll
Bill Willis,Chuck Noll
Len Ford,Chuck Noll
Dante Lavelli,Chuck Noll
Lou Groza,Chuck Noll
Marion Motley,Chuck Noll
Otto Graham,Chuck Noll
Mike McCormack,Chuck Noll
Bobby Mitchell,Chuck Noll
Willie Davis,Chuck Noll
Jim Brown,Chuck Noll
Alan Page,Walter Payton
Johnny Unitas,John Mackey
Lenny Moore,John Mackey
Raymond Berry,John Mackey
Jim Parker,John Mackey
Gino Marchetti,John Mackey
Ted Hendricks,John Mackey
Deacon Jones,John Mackey
Don Maynard,John Riggins
Joe Namath,John Riggins
Ken Houston,John Riggins
Charley Taylor,John Riggins
George Blanda,Stan Jones
George Connor,Stan Jones
Bill George,Stan Jones
Doug Atkins,Stan Jones
Mike Ditka,Stan Jones
Dick Butkus,Stan Jones
Gale Sayers,Stan Jones
Charley Taylor,Stan Jones
Sonny Jurgensen,Stan Jones
Bobby Mitchell,Stan Jones
Sam Huff,Stan Jones
Willie Lanier,Jan Stenerud
Len Dawson,Buck Buchanan
Bobby Bell,Buck Buchanan
Willie Lanier,Buck Buchanan
Larry Csonka,Bob Griese
Jim Langer,Bob Griese
Paul Warfield,Bob Griese
Mel Blount,Franco Harris
Terry Bradshaw,Franco Harris
Jack Ham,Franco Harris
Joe Greene,Franco Harris
Jack Lambert,Franco Harris
Johnny Unitas,Ted Hendricks
Art Shell,Ted Hendricks
Fred Biletnikoff,Ted Hendricks
Gene Upshaw,Ted Hendricks
Willie Brown,Ted Hendricks
George Blanda,Ted Hendricks
Mel Blount,Jack Lambert
Terry Bradshaw,Jack Lambert
Jack Ham,Jack Lambert
Joe Greene,Jack Lambert
Arnie Weinmeister,Tom Landry
Emlen Tunnell,Tom Landry
Frank Gifford,Tom Landry
Rosey Brown,Tom Landry
Y.A. Tittle,Bob St. Clair
Hugh McElhenny,Bob St. Clair
Leo Nomellini,Bob St. Clair
Joe Perry,Bob St. Clair
John Henry Johnson,Bob St. Clair
Terry Bradshaw,Mel Blount
Joe Greene,Mel Blount
Jack Ham,Mel Blount
Joe Greene,Terry Bradshaw
Jack Ham,Terry Bradshaw
Fred Biletnikoff,Art Shell
Gene Upshaw,Art Shell
Willie Brown,Art Shell
George Blanda,Art Shell
Jim Otto,Art Shell
Ron Mix,Art Shell
Paul Hornung,Willie Wood
Willie Davis,Willie Wood
Jim Ringo,Willie Wood
Ray Nitschke,Willie Wood
Forrest Gregg,Willie Wood
Bart Starr,Willie Wood
Jim Taylor,Willie Wood
Emlen Tunnell,Willie Wood
Herb Adderley,Willie Wood
Jim Otto,Fred Biletnikoff
Gene Upshaw,Fred Biletnikoff
Willie Brown,Fred Biletnikoff
George Blanda,Fred Biletnikoff
Ron Mix,Fred Biletnikoff
Doug Atkins,Mike Ditka
Bill George,Mike Ditka
Dick Butkus,Mike Ditka
Gale Sayers,Mike Ditka
Jim Ringo,Mike Ditka
Roger Staubach,Mike Ditka
Bob Lilly,Mike Ditka
Herb Adderley,Mike Ditka
Lance Alworth,Mike Ditka
Forrest Gregg,Mike Ditka
Joe Greene,Jack Ham
Fran Tarkenton,Alan Page
Jim Langer,Larry Csonka
Paul Warfield,Larry Csonka
Ernie Stautner,Len Dawson
Bobby Layne,Len Dawson
Mike McCormack,Len Dawson
Bobby Mitchell,Len Dawson
Jim Brown,Len Dawson
Lou Groza,Len Dawson
Bobby Bell,Len Dawson
Willie Lanier,Len Dawson
Y.A. Tittle,John Henry Johnson
Hugh McElhenny,John Henry Johnson
Leo Nomellini,John Henry Johnson
Joe Perry,John Henry Johnson
Frank Gatski,John Henry Johnson
Yale Lary,John Henry Johnson
Joe Schmidt,John Henry Johnson
Jack Christiansen,John Henry Johnson
Bobby Layne,John Henry Johnson
Ernie Stautner,John Henry Johnson
George Blanda,John Henry Johnson
Paul Warfield,Jim Langer
Sam Huff,Don Maynard
Frank Gifford,Don Maynard
Rosey Brown,Don Maynard
Andy Robustelli,Don Maynard
Emlen Tunnell,Don Maynard
Joe Namath,Don Maynard
Willie Brown,Gene Upshaw
George Blanda,Gene Upshaw
Jim Otto,Gene Upshaw
Ron Mix,Gene Upshaw
Jim Ringo,Paul Hornung
Bart Starr,Paul Hornung
Ray Nitschke,Paul Hornung
Forrest Gregg,Paul Hornung
Len Ford,Paul Hornung
Jim Taylor,Paul Hornung
Emlen Tunnell,Paul Hornung
Willie Davis,Paul Hornung
Herb Adderley,Paul Hornung
Charley Taylor,Ken Houston
Sonny Jurgensen,Ken Houston
Deacon Jones,Ken Houston
Bobby Bell,Willie Lanier
Hugh McElhenny,Fran Tarkenton
Bobby Layne,Doak Walker
Jack Christiansen,Doak Walker
Yale Lary,Doak Walker
Joe Schmidt,Doak Walker
Bill Willis,Frank Gatski
Dante Lavelli,Frank Gatski
Lou Groza,Frank Gatski
Marion Motley,Frank Gatski
Otto Graham,Frank Gatski
Len Ford,Frank Gatski
Doug Atkins,Frank Gatski
Mike McCormack,Frank Gatski
Yale Lary,Frank Gatski
Joe Schmidt,Frank Gatski
Jack Christiansen,Frank Gatski
Bobby Layne,Frank Gatski
Bob Lilly,Roger Staubach
Herb Adderley,Roger Staubach
Lance Alworth,Roger Staubach
Forrest Gregg,Roger Staubach
George Blanda,Willie Brown
Jim Otto,Willie Brown
Ron Mix,Willie Brown
Art Donovan,Mike McCormack
Doug Atkins,Mike McCormack
Len Ford,Mike McCormack
Dante Lavelli,Mike McCormack
Lou Groza,Mike McCormack
Otto Graham,Mike McCormack
Jim Brown,Mike McCormack
Bobby Mitchell,Mike McCormack
Willie Davis,Mike McCormack
Sonny Jurgensen,Charley Taylor
Bobby Mitchell,Charley Taylor
Sam Huff,Charley Taylor
Deacon Jones,Charley Taylor
Emlen Tunnell,Arnie Weinmeister
Frank Gifford,Arnie Weinmeister
Rosey Brown,Arnie Weinmeister
Chuck Bednarik,Sonny Jurgensen
Norm Van Brocklin,Sonny Jurgensen
Bobby Mitchell,Sonny Jurgensen
Sam Huff,Sonny Jurgensen
Deacon Jones,Sonny Jurgensen
Willie Davis,Bobby Mitchell
Lou Groza,Bobby Mitchell
Jim Brown,Bobby Mitchell
Sam Huff,Bobby Mitchell
Lou Groza,Paul Warfield
Jim Brown,Paul Warfield
Bill Willis,Doug Atkins
Len Ford,Doug Atkins
Dante Lavelli,Doug Atkins
Lou Groza,Doug Atkins
Marion Motley,Doug Atkins
Otto Graham,Doug Atkins
George Blanda,Doug Atkins
George Connor,Doug Atkins
Bill George,Doug Atkins
Dick Butkus,Doug Atkins
Gale Sayers,Doug Atkins
Jim Taylor,Doug Atkins
Frank Gifford,Sam Huff
Rosey Brown,Sam Huff
Andy Robustelli,Sam Huff
Emlen Tunnell,Sam Huff
Y.A. Tittle,Sam Huff
Hugh McElhenny,Sam Huff
Bill Hewitt,George Musso
Red Grange,George Musso
Bronko Nagurski,George Musso
Walt Kiesling,George Musso
Danny Fortmann,George Musso
George McAfee,George Musso
Bulldog Turner,George Musso
Sid Luckman,George Musso
Joe Stydahar,George Musso
Deacon Jones,Merlin Olsen
Ollie Matson,Merlin Olsen
Bill George,Merlin Olsen
Ray Flaherty,Red Badgro
Ken Strong,Red Badgro
Steve Owen,Red Badgro
Mel Hein,Red Badgro
George Connor,George Blanda
Y.A. Tittle,George Blanda
Art Donovan,George Blanda
George McAfee,George Blanda
Bulldog Turner,George Blanda
Bill George,George Blanda
Jim Otto,George Blanda
Ron Mix,George Blanda
Lou Groza,Willie Davis
Jim Brown,Willie Davis
Jim Ringo,Willie Davis
Ray Nitschke,Willie Davis
Forrest Gregg,Willie Davis
Bart Starr,Willie Davis
Jim Taylor,Willie Davis
Emlen Tunnell,Willie Davis
Herb Adderley,Willie Davis
Forrest Gregg,Jim Ringo
Bart Starr,Jim Ringo
Ray Nitschke,Jim Ringo
Len Ford,Jim Ringo
Jim Taylor,Jim Ringo
Emlen Tunnell,Jim Ringo
Herb Adderley,Jim Ringo
Ollie Matson,Jim Ringo
Ray Nitschke,Herb Adderley
Forrest Gregg,Herb Adderley
Bart Starr,Herb Adderley
Jim Taylor,Herb Adderley
Emlen Tunnell,Herb Adderley
Bob Lilly,Herb Adderley
Lance Alworth,Herb Adderley
Ollie Matson,Deacon Jones
Bill George,Deacon Jones
Johnny Unitas,Deacon Jones
Lance Alworth,Bob Lilly
Forrest Gregg,Bob Lilly
Ron Mix,Jim Otto
Gale Sayers,Dick Butkus
Bill George,Dick Butkus
Jack Christiansen,Yale Lary
Bobby Layne,Yale Lary
Joe Schmidt,Yale Lary
Night Train Lane,Yale Lary
Ollie Matson,Yale Lary
Hugh McElhenny,Yale Lary
Lance Alworth,Ron Mix
Lenny Moore,Johnny Unitas
Raymond Berry,Johnny Unitas
Gino Marchetti,Johnny Unitas
Art Donovan,Johnny Unitas
Jim Parker,Johnny Unitas
Joe Perry,Johnny Unitas
Forrest Gregg,Lance Alworth
Mel Hein,Tuffy Leemans
Forrest Gregg,Ray Nitschke
Bart Starr,Ray Nitschke
Len Ford,Ray Nitschke
Jim Taylor,Ray Nitschke
Emlen Tunnell,Ray Nitschke
Emlen Tunnell,Frank Gifford
Rosey Brown,Frank Gifford
Andy Robustelli,Frank Gifford
Y.A. Tittle,Frank Gifford
Hugh McElhenny,Frank Gifford
Bart Starr,Forrest Gregg
Len Ford,Forrest Gregg
Jim Taylor,Forrest Gregg
Emlen Tunnell,Forrest Gregg
Bill George,Gale Sayers
Len Ford,Bart Starr
Jim Taylor,Bart Starr
Emlen Tunnell,Bart Starr
Dante Lavelli,Bill Willis
Lou Groza,Bill Willis
Marion Motley,Bill Willis
Otto Graham,Bill Willis
Len Ford,Bill Willis
Ken Strong,Ray Flaherty
Steve Owen,Ray Flaherty
Mel Hein,Ray Flaherty
Dante Lavelli,Len Ford
Lou Groza,Len Ford
Marion Motley,Len Ford
Otto Graham,Len Ford
Jim Brown,Len Ford
Jim Taylor,Len Ford
Emlen Tunnell,Jim Taylor
Emlen Tunnell,Rosey Brown
Andy Robustelli,Rosey Brown
Y.A. Tittle,Rosey Brown
Hugh McElhenny,Rosey Brown
Bobby Layne,George Connor
George McAfee,George Connor
Bulldog Turner,George Connor
Bill George,George Connor
Lou Groza,Dante Lavelli
Marion Motley,Dante Lavelli
Otto Graham,Dante Lavelli
Raymond Berry,Lenny Moore
Gino Marchetti,Lenny Moore
Art Donovan,Lenny Moore
Jim Parker,Lenny Moore
Joe Perry,Lenny Moore
Clarke Hinkle,Tony Canadeo
Don Hutson,Tony Canadeo
Marion Motley,Lou Groza
Otto Graham,Lou Groza
Jim Brown,Lou Groza
Andy Robustelli,Night Train Lane
Norm Van Brocklin,Night Train Lane
Tom Fears,Night Train Lane
Elroy Hirsch,Night Train Lane
Bob Waterfield,Night Train Lane
Ollie Matson,Night Train Lane
Joe Schmidt,Night Train Lane
Hugh McElhenny,Night Train Lane
Gino Marchetti,Raymond Berry
Art Donovan,Raymond Berry
Jim Parker,Raymond Berry
Joe Perry,Raymond Berry
Gino Marchetti,Jim Parker
Art Donovan,Jim Parker
Joe Perry,Jim Parker
Jack Christiansen,Joe Schmidt
Bobby Layne,Joe Schmidt
Ollie Matson,Joe Schmidt
Hugh McElhenny,Joe Schmidt
Art Donovan,Gino Marchetti
Joe Perry,Gino Marchetti
Red Grange,Bill Hewitt
Bronko Nagurski,Bill Hewitt
Walt Kiesling,Bill Hewitt
Norm Van Brocklin,Andy Robustelli
Tom Fears,Andy Robustelli
Elroy Hirsch,Andy Robustelli
Bob Waterfield,Andy Robustelli
Emlen Tunnell,Andy Robustelli
Y.A. Tittle,Andy Robustelli
Hugh McElhenny,Andy Robustelli
Art Donovan,Y.A. Tittle
Leo Nomellini,Y.A. Tittle
Joe Perry,Y.A. Tittle
Hugh McElhenny,Y.A. Tittle
Tom Fears,Norm Van Brocklin
Elroy Hirsch,Norm Van Brocklin
Bob Waterfield,Norm Van Brocklin
Chuck Bednarik,Norm Van Brocklin
Bobby Layne,Jack Christiansen
Elroy Hirsch,Tom Fears
Bob Waterfield,Tom Fears
Leo Nomellini,Hugh McElhenny
Joe Perry,Hugh McElhenny
Steve Van Buren,Pete Pihos
Chuck Bednarik,Pete Pihos
Joe Perry,Leo Nomellini
Art Donovan,Joe Perry
Bobby Layne,Ernie Stautner
Wayne Millner,Cliff Battles
Sammy Baugh,Cliff Battles
Bob Waterfield,Elroy Hirsch
Sammy Baugh,Wayne Millner
Otto Graham,Marion Motley
Steve Van Buren,Chuck Bednarik
Steve Owen,Ken Strong
Mel Hein,Ken Strong
Arnie Herber,Ken Strong
George McAfee,Joe Stydahar
Bulldog Turner,Joe Stydahar
Danny Fortmann,Joe Stydahar
Sid Luckman,Joe Stydahar
Jim Thorpe,Joe Guyon
Walt Kiesling,Arnie Herber
Clarke Hinkle,Arnie Herber
Johnny Blood,Arnie Herber
Don Hutson,Arnie Herber
Mel Hein,Arnie Herber
Ernie Nevers,Walt Kiesling
Pete Henry,Walt Kiesling
Bronko Nagurski,Walt Kiesling
Mike Michalske,Walt Kiesling
Cal Hubbard,Walt Kiesling
Clarke Hinkle,Walt Kiesling
Johnny Blood,Walt Kiesling
Don Hutson,Walt Kiesling
Bulldog Turner,George McAfee
Danny Fortmann,George McAfee
Sid Luckman,George McAfee
Cal Hubbard,Steve Owen
Mel Hein,Steve Owen
Danny Fortmann,Bulldog Turner
Sid Luckman,Bulldog Turner
Bronko Nagurski,Bulldog Turner
George Trafton,Guy Chamberlin
George Halas,Guy Chamberlin
Pete Henry,Guy Chamberlin
Link Lyman,Guy Chamberlin
Ed Healey,Paddy Driscoll
George Trafton,Paddy Driscoll
George Halas,Paddy Driscoll
Bronko Nagurski,Danny Fortmann
Sid Luckman,Danny Fortmann
Bronko Nagurski,Sid Luckman
Ed Healey,Jimmy Conzelman
George Halas,Ed Healey
George Trafton,Ed Healey
Johnny Blood,Clarke Hinkle
Don Hutson,Clarke Hinkle
Pete Henry,Link Lyman
George Trafton,Link Lyman
Cal Hubbard,Mike Michalske
George Halas,George Trafton
Don Hutson,Johnny Blood
Bronko Nagurski,Red Grange
Jim Thorpe,Pete Henry
